{
    "ZERO": {
        "failed_attempts": 1,
        "locked_until": 1746349210.92732
    },
    "zero": {
        "failed_attempts": 2,
        "locked_until": 1749379794.771867
    }
}